reference,firstname,lastname,home_phone_number,mobile_phone_number,email,address
1,firstname1,lastname1,phonenumber1,mobphonenumber1,email@gmail.com1,address1
2,firstname2,lastname2,phonenumber2,mobphonenumber2,email@gmail.com2,address2
3,firstname3,lastname3,phonenumber3,mobphonenumber3,email@gmail.com3,address3
4,firstname4,lastname4,phonenumber4,mobphonenumber4,email@gmail.com4,address4
5,firstname5,lastname5,phonenumber5,mobphonenumber5,email@gmail.com5,address5
6,firstname6,lastname6,phonenumber6,mobphonenumber6,email@gmail.com6,address6
7,firstname7,lastname7,phonenumber7,mobphonenumber7,email@gmail.com7,address7
8,firstname8,lastname8,phonenumber8,mobphonenumber8,email@gmail.com8,address8
9,firstname9,lastname9,phonenumber9,mobphonenumber9,email@gmail.com9,address9
10,firstname10,lastname10,phonenumber10,mobphonenumber10,email@gmail.com10,address10
11,firstname11,lastname11,phonenumber11,mobphonenumber11,email@gmail.com11,address11
12,firstname12,lastname12,phonenumber12,mobphonenumber12,email@gmail.com12,address12
13,firstname13,lastname13,phonenumber13,mobphonenumber13,email@gmail.com13,address13
14,firstname14,lastname14,phonenumber14,mobphonenumber14,email@gmail.com14,address14
15,firstname15,lastname15,phonenumber15,mobphonenumber15,email@gmail.com15,address15
16,firstname16,lastname16,phonenumber16,mobphonenumber16,email@gmail.com16,address16
17,firstname17,lastname17,phonenumber17,mobphonenumber17,email@gmail.com17,address17
18,firstname18,lastname18,phonenumber18,mobphonenumber18,email@gmail.com18,address18
19,firstname19,lastname19,phonenumber19,mobphonenumber19,email@gmail.com19,address19
20,firstname20,lastname20,phonenumber20,mobphonenumber20,email@gmail.com20,address20
21,firstname21,lastname21,phonenumber21,mobphonenumber21,email@gmail.com21,address21
22,firstname22,lastname22,phonenumber22,mobphonenumber22,email@gmail.com22,address22
23,firstname23,lastname23,phonenumber23,mobphonenumber23,email@gmail.com23,address23
24,firstname24,lastname24,phonenumber24,mobphonenumber24,email@gmail.com24,address24
25,firstname25,lastname25,phonenumber25,mobphonenumber25,email@gmail.com25,address25
26,firstname26,lastname26,phonenumber26,mobphonenumber26,email@gmail.com26,address26
27,firstname27,lastname27,phonenumber27,mobphonenumber27,email@gmail.com27,address27
28,firstname28,lastname28,phonenumber28,mobphonenumber28,email@gmail.com28,address28
29,firstname29,lastname29,phonenumber29,mobphonenumber29,email@gmail.com29,address29
30,firstname30,lastname30,phonenumber30,mobphonenumber30,email@gmail.com30,address30
31,firstname31,lastname31,phonenumber31,mobphonenumber31,email@gmail.com31,address31
32,firstname32,lastname32,phonenumber32,mobphonenumber32,email@gmail.com32,address32
33,firstname33,lastname33,phonenumber33,mobphonenumber33,email@gmail.com33,address33
34,firstname34,lastname34,phonenumber34,mobphonenumber34,email@gmail.com34,address34
35,firstname35,lastname35,phonenumber35,mobphonenumber35,email@gmail.com35,address35
36,firstname36,lastname36,phonenumber36,mobphonenumber36,email@gmail.com36,address36
37,firstname37,lastname37,phonenumber37,mobphonenumber37,email@gmail.com37,address37
38,firstname38,lastname38,phonenumber38,mobphonenumber38,email@gmail.com38,address38
39,firstname39,lastname39,phonenumber39,mobphonenumber39,email@gmail.com39,address39
40,firstname40,lastname40,phonenumber40,mobphonenumber40,email@gmail.com40,address40
41,firstname41,lastname41,phonenumber41,mobphonenumber41,email@gmail.com41,address41
42,firstname42,lastname42,phonenumber42,mobphonenumber42,email@gmail.com42,address42
43,firstname43,lastname43,phonenumber43,mobphonenumber43,email@gmail.com43,address43
44,firstname44,lastname44,phonenumber44,mobphonenumber44,email@gmail.com44,address44
45,firstname45,lastname45,phonenumber45,mobphonenumber45,email@gmail.com45,address45
46,firstname46,lastname46,phonenumber46,mobphonenumber46,email@gmail.com46,address46
47,firstname47,lastname47,phonenumber47,mobphonenumber47,email@gmail.com47,address47
48,firstname48,lastname48,phonenumber48,mobphonenumber48,email@gmail.com48,address48
49,firstname49,lastname49,phonenumber49,mobphonenumber49,email@gmail.com49,address49
50,firstname50,lastname50,phonenumber50,mobphonenumber50,email@gmail.com50,address50
51,firstname51,lastname51,phonenumber51,mobphonenumber51,email@gmail.com51,address51
52,firstname52,lastname52,phonenumber52,mobphonenumber52,email@gmail.com52,address52
53,firstname53,lastname53,phonenumber53,mobphonenumber53,email@gmail.com53,address53
54,firstname54,lastname54,phonenumber54,mobphonenumber54,email@gmail.com54,address54
55,firstname55,lastname55,phonenumber55,mobphonenumber55,email@gmail.com55,address55
56,firstname56,lastname56,phonenumber56,mobphonenumber56,email@gmail.com56,address56
57,firstname57,lastname57,phonenumber57,mobphonenumber57,email@gmail.com57,address57
58,firstname58,lastname58,phonenumber58,mobphonenumber58,email@gmail.com58,address58
59,firstname59,lastname59,phonenumber59,mobphonenumber59,email@gmail.com59,address59
60,firstname60,lastname60,phonenumber60,mobphonenumber60,email@gmail.com60,address60
61,firstname61,lastname61,phonenumber61,mobphonenumber61,email@gmail.com61,address61
62,firstname62,lastname62,phonenumber62,mobphonenumber62,email@gmail.com62,address62
63,firstname63,lastname63,phonenumber63,mobphonenumber63,email@gmail.com63,address63
64,firstname64,lastname64,phonenumber64,mobphonenumber64,email@gmail.com64,address64
65,firstname65,lastname65,phonenumber65,mobphonenumber65,email@gmail.com65,address65
66,firstname66,lastname66,phonenumber66,mobphonenumber66,email@gmail.com66,address66
67,firstname67,lastname67,phonenumber67,mobphonenumber67,email@gmail.com67,address67
68,firstname68,lastname68,phonenumber68,mobphonenumber68,email@gmail.com68,address68
69,firstname69,lastname69,phonenumber69,mobphonenumber69,email@gmail.com69,address69
70,firstname70,lastname70,phonenumber70,mobphonenumber70,email@gmail.com70,address70
71,firstname71,lastname71,phonenumber71,mobphonenumber71,email@gmail.com71,address71
72,firstname72,lastname72,phonenumber72,mobphonenumber72,email@gmail.com72,address72
73,firstname73,lastname73,phonenumber73,mobphonenumber73,email@gmail.com73,address73
74,firstname74,lastname74,phonenumber74,mobphonenumber74,email@gmail.com74,address74
75,firstname75,lastname75,phonenumber75,mobphonenumber75,email@gmail.com75,address75
76,firstname76,lastname76,phonenumber76,mobphonenumber76,email@gmail.com76,address76
77,firstname77,lastname77,phonenumber77,mobphonenumber77,email@gmail.com77,address77
78,firstname78,lastname78,phonenumber78,mobphonenumber78,email@gmail.com78,address78
79,firstname79,lastname79,phonenumber79,mobphonenumber79,email@gmail.com79,address79
80,firstname80,lastname80,phonenumber80,mobphonenumber80,email@gmail.com80,address80
81,firstname81,lastname81,phonenumber81,mobphonenumber81,email@gmail.com81,address81
82,firstname82,lastname82,phonenumber82,mobphonenumber82,email@gmail.com82,address82
83,firstname83,lastname83,phonenumber83,mobphonenumber83,email@gmail.com83,address83
84,firstname84,lastname84,phonenumber84,mobphonenumber84,email@gmail.com84,address84
85,firstname85,lastname85,phonenumber85,mobphonenumber85,email@gmail.com85,address85
86,firstname86,lastname86,phonenumber86,mobphonenumber86,email@gmail.com86,address86
87,firstname87,lastname87,phonenumber87,mobphonenumber87,email@gmail.com87,address87
88,firstname88,lastname88,phonenumber88,mobphonenumber88,email@gmail.com88,address88
89,firstname89,lastname89,phonenumber89,mobphonenumber89,email@gmail.com89,address89
90,firstname90,lastname90,phonenumber90,mobphonenumber90,email@gmail.com90,address90
91,firstname91,lastname91,phonenumber91,mobphonenumber91,email@gmail.com91,address91
92,firstname92,lastname92,phonenumber92,mobphonenumber92,email@gmail.com92,address92
93,firstname93,lastname93,phonenumber93,mobphonenumber93,email@gmail.com93,address93
94,firstname94,lastname94,phonenumber94,mobphonenumber94,email@gmail.com94,address94
95,firstname95,lastname95,phonenumber95,mobphonenumber95,email@gmail.com95,address95
96,firstname96,lastname96,phonenumber96,mobphonenumber96,email@gmail.com96,address96
97,firstname97,lastname97,phonenumber97,mobphonenumber97,email@gmail.com97,address97
98,firstname98,lastname98,phonenumber98,mobphonenumber98,email@gmail.com98,address98
99,firstname99,lastname99,phonenumber99,mobphonenumber99,email@gmail.com99,address99
100,firstname100,lastname100,phonenumber100,mobphonenumber100,email@gmail.com100,address100
101,firstname101,lastname101,phonenumber101,mobphonenumber101,email@gmail.com101,address101
102,firstname102,lastname102,phonenumber102,mobphonenumber102,email@gmail.com102,address102
103,firstname103,lastname103,phonenumber103,mobphonenumber103,email@gmail.com103,address103
104,firstname104,lastname104,phonenumber104,mobphonenumber104,email@gmail.com104,address104
105,firstname105,lastname105,phonenumber105,mobphonenumber105,email@gmail.com105,address105
106,firstname106,lastname106,phonenumber106,mobphonenumber106,email@gmail.com106,address106
107,firstname107,lastname107,phonenumber107,mobphonenumber107,email@gmail.com107,address107
108,firstname108,lastname108,phonenumber108,mobphonenumber108,email@gmail.com108,address108
109,firstname109,lastname109,phonenumber109,mobphonenumber109,email@gmail.com109,address109
110,firstname110,lastname110,phonenumber110,mobphonenumber110,email@gmail.com110,address110
111,firstname111,lastname111,phonenumber111,mobphonenumber111,email@gmail.com111,address111
112,firstname112,lastname112,phonenumber112,mobphonenumber112,email@gmail.com112,address112
113,firstname113,lastname113,phonenumber113,mobphonenumber113,email@gmail.com113,address113
114,firstname114,lastname114,phonenumber114,mobphonenumber114,email@gmail.com114,address114
115,firstname115,lastname115,phonenumber115,mobphonenumber115,email@gmail.com115,address115
116,firstname116,lastname116,phonenumber116,mobphonenumber116,email@gmail.com116,address116
117,firstname117,lastname117,phonenumber117,mobphonenumber117,email@gmail.com117,address117
118,firstname118,lastname118,phonenumber118,mobphonenumber118,email@gmail.com118,address118
119,firstname119,lastname119,phonenumber119,mobphonenumber119,email@gmail.com119,address119
120,firstname120,lastname120,phonenumber120,mobphonenumber120,email@gmail.com120,address120
121,firstname121,lastname121,phonenumber121,mobphonenumber121,email@gmail.com121,address121
122,firstname122,lastname122,phonenumber122,mobphonenumber122,email@gmail.com122,address122
123,firstname123,lastname123,phonenumber123,mobphonenumber123,email@gmail.com123,address123
124,firstname124,lastname124,phonenumber124,mobphonenumber124,email@gmail.com124,address124
125,firstname125,lastname125,phonenumber125,mobphonenumber125,email@gmail.com125,address125
126,firstname126,lastname126,phonenumber126,mobphonenumber126,email@gmail.com126,address126
127,firstname127,lastname127,phonenumber127,mobphonenumber127,email@gmail.com127,address127
128,firstname128,lastname128,phonenumber128,mobphonenumber128,email@gmail.com128,address128
129,firstname129,lastname129,phonenumber129,mobphonenumber129,email@gmail.com129,address129
130,firstname130,lastname130,phonenumber130,mobphonenumber130,email@gmail.com130,address130
131,firstname131,lastname131,phonenumber131,mobphonenumber131,email@gmail.com131,address131
132,firstname132,lastname132,phonenumber132,mobphonenumber132,email@gmail.com132,address132
133,firstname133,lastname133,phonenumber133,mobphonenumber133,email@gmail.com133,address133
134,firstname134,lastname134,phonenumber134,mobphonenumber134,email@gmail.com134,address134
135,firstname135,lastname135,phonenumber135,mobphonenumber135,email@gmail.com135,address135
136,firstname136,lastname136,phonenumber136,mobphonenumber136,email@gmail.com136,address136
137,firstname137,lastname137,phonenumber137,mobphonenumber137,email@gmail.com137,address137
138,firstname138,lastname138,phonenumber138,mobphonenumber138,email@gmail.com138,address138
139,firstname139,lastname139,phonenumber139,mobphonenumber139,email@gmail.com139,address139
140,firstname140,lastname140,phonenumber140,mobphonenumber140,email@gmail.com140,address140
141,firstname141,lastname141,phonenumber141,mobphonenumber141,email@gmail.com141,address141
142,firstname142,lastname142,phonenumber142,mobphonenumber142,email@gmail.com142,address142
143,firstname143,lastname143,phonenumber143,mobphonenumber143,email@gmail.com143,address143
144,firstname144,lastname144,phonenumber144,mobphonenumber144,email@gmail.com144,address144
145,firstname145,lastname145,phonenumber145,mobphonenumber145,email@gmail.com145,address145
146,firstname146,lastname146,phonenumber146,mobphonenumber146,email@gmail.com146,address146
147,firstname147,lastname147,phonenumber147,mobphonenumber147,email@gmail.com147,address147
148,firstname148,lastname148,phonenumber148,mobphonenumber148,email@gmail.com148,address148
149,firstname149,lastname149,phonenumber149,mobphonenumber149,email@gmail.com149,address149
150,firstname150,lastname150,phonenumber150,mobphonenumber150,email@gmail.com150,address150
151,firstname151,lastname151,phonenumber151,mobphonenumber151,email@gmail.com151,address151
152,firstname152,lastname152,phonenumber152,mobphonenumber152,email@gmail.com152,address152
153,firstname153,lastname153,phonenumber153,mobphonenumber153,email@gmail.com153,address153
154,firstname154,lastname154,phonenumber154,mobphonenumber154,email@gmail.com154,address154
155,firstname155,lastname155,phonenumber155,mobphonenumber155,email@gmail.com155,address155
156,firstname156,lastname156,phonenumber156,mobphonenumber156,email@gmail.com156,address156
157,firstname157,lastname157,phonenumber157,mobphonenumber157,email@gmail.com157,address157
158,firstname158,lastname158,phonenumber158,mobphonenumber158,email@gmail.com158,address158
159,firstname159,lastname159,phonenumber159,mobphonenumber159,email@gmail.com159,address159
160,firstname160,lastname160,phonenumber160,mobphonenumber160,email@gmail.com160,address160
161,firstname161,lastname161,phonenumber161,mobphonenumber161,email@gmail.com161,address161
162,firstname162,lastname162,phonenumber162,mobphonenumber162,email@gmail.com162,address162
163,firstname163,lastname163,phonenumber163,mobphonenumber163,email@gmail.com163,address163
164,firstname164,lastname164,phonenumber164,mobphonenumber164,email@gmail.com164,address164
165,firstname165,lastname165,phonenumber165,mobphonenumber165,email@gmail.com165,address165
166,firstname166,lastname166,phonenumber166,mobphonenumber166,email@gmail.com166,address166
167,firstname167,lastname167,phonenumber167,mobphonenumber167,email@gmail.com167,address167
168,firstname168,lastname168,phonenumber168,mobphonenumber168,email@gmail.com168,address168
169,firstname169,lastname169,phonenumber169,mobphonenumber169,email@gmail.com169,address169
170,firstname170,lastname170,phonenumber170,mobphonenumber170,email@gmail.com170,address170
171,firstname171,lastname171,phonenumber171,mobphonenumber171,email@gmail.com171,address171
172,firstname172,lastname172,phonenumber172,mobphonenumber172,email@gmail.com172,address172
173,firstname173,lastname173,phonenumber173,mobphonenumber173,email@gmail.com173,address173
174,firstname174,lastname174,phonenumber174,mobphonenumber174,email@gmail.com174,address174
175,firstname175,lastname175,phonenumber175,mobphonenumber175,email@gmail.com175,address175
176,firstname176,lastname176,phonenumber176,mobphonenumber176,email@gmail.com176,address176
177,firstname177,lastname177,phonenumber177,mobphonenumber177,email@gmail.com177,address177
178,firstname178,lastname178,phonenumber178,mobphonenumber178,email@gmail.com178,address178
179,firstname179,lastname179,phonenumber179,mobphonenumber179,email@gmail.com179,address179
180,firstname180,lastname180,phonenumber180,mobphonenumber180,email@gmail.com180,address180
181,firstname181,lastname181,phonenumber181,mobphonenumber181,email@gmail.com181,address181
182,firstname182,lastname182,phonenumber182,mobphonenumber182,email@gmail.com182,address182
183,firstname183,lastname183,phonenumber183,mobphonenumber183,email@gmail.com183,address183
184,firstname184,lastname184,phonenumber184,mobphonenumber184,email@gmail.com184,address184
185,firstname185,lastname185,phonenumber185,mobphonenumber185,email@gmail.com185,address185
186,firstname186,lastname186,phonenumber186,mobphonenumber186,email@gmail.com186,address186
187,firstname187,lastname187,phonenumber187,mobphonenumber187,email@gmail.com187,address187
188,firstname188,lastname188,phonenumber188,mobphonenumber188,email@gmail.com188,address188
189,firstname189,lastname189,phonenumber189,mobphonenumber189,email@gmail.com189,address189
190,firstname190,lastname190,phonenumber190,mobphonenumber190,email@gmail.com190,address190
191,firstname191,lastname191,phonenumber191,mobphonenumber191,email@gmail.com191,address191
192,firstname192,lastname192,phonenumber192,mobphonenumber192,email@gmail.com192,address192
193,firstname193,lastname193,phonenumber193,mobphonenumber193,email@gmail.com193,address193
194,firstname194,lastname194,phonenumber194,mobphonenumber194,email@gmail.com194,address194
195,firstname195,lastname195,phonenumber195,mobphonenumber195,email@gmail.com195,address195
196,firstname196,lastname196,phonenumber196,mobphonenumber196,email@gmail.com196,address196
197,firstname197,lastname197,phonenumber197,mobphonenumber197,email@gmail.com197,address197
198,firstname198,lastname198,phonenumber198,mobphonenumber198,email@gmail.com198,address198
199,firstname199,lastname199,phonenumber199,mobphonenumber199,email@gmail.com199,address199
200,firstname200,lastname200,phonenumber200,mobphonenumber200,email@gmail.com200,address200
201,firstname201,lastname201,phonenumber201,mobphonenumber201,email@gmail.com201,address201
202,firstname202,lastname202,phonenumber202,mobphonenumber202,email@gmail.com202,address202
203,firstname203,lastname203,phonenumber203,mobphonenumber203,email@gmail.com203,address203
204,firstname204,lastname204,phonenumber204,mobphonenumber204,email@gmail.com204,address204
205,firstname205,lastname205,phonenumber205,mobphonenumber205,email@gmail.com205,address205
206,firstname206,lastname206,phonenumber206,mobphonenumber206,email@gmail.com206,address206
207,firstname207,lastname207,phonenumber207,mobphonenumber207,email@gmail.com207,address207
208,firstname208,lastname208,phonenumber208,mobphonenumber208,email@gmail.com208,address208
209,firstname209,lastname209,phonenumber209,mobphonenumber209,email@gmail.com209,address209
210,firstname210,lastname210,phonenumber210,mobphonenumber210,email@gmail.com210,address210
211,firstname211,lastname211,phonenumber211,mobphonenumber211,email@gmail.com211,address211
212,firstname212,lastname212,phonenumber212,mobphonenumber212,email@gmail.com212,address212
213,firstname213,lastname213,phonenumber213,mobphonenumber213,email@gmail.com213,address213
214,firstname214,lastname214,phonenumber214,mobphonenumber214,email@gmail.com214,address214
215,firstname215,lastname215,phonenumber215,mobphonenumber215,email@gmail.com215,address215
216,firstname216,lastname216,phonenumber216,mobphonenumber216,email@gmail.com216,address216
217,firstname217,lastname217,phonenumber217,mobphonenumber217,email@gmail.com217,address217
218,firstname218,lastname218,phonenumber218,mobphonenumber218,email@gmail.com218,address218
219,firstname219,lastname219,phonenumber219,mobphonenumber219,email@gmail.com219,address219
220,firstname220,lastname220,phonenumber220,mobphonenumber220,email@gmail.com220,address220
221,firstname221,lastname221,phonenumber221,mobphonenumber221,email@gmail.com221,address221
222,firstname222,lastname222,phonenumber222,mobphonenumber222,email@gmail.com222,address222
223,firstname223,lastname223,phonenumber223,mobphonenumber223,email@gmail.com223,address223
224,firstname224,lastname224,phonenumber224,mobphonenumber224,email@gmail.com224,address224
225,firstname225,lastname225,phonenumber225,mobphonenumber225,email@gmail.com225,address225
226,firstname226,lastname226,phonenumber226,mobphonenumber226,email@gmail.com226,address226
227,firstname227,lastname227,phonenumber227,mobphonenumber227,email@gmail.com227,address227
228,firstname228,lastname228,phonenumber228,mobphonenumber228,email@gmail.com228,address228
229,firstname229,lastname229,phonenumber229,mobphonenumber229,email@gmail.com229,address229
230,firstname230,lastname230,phonenumber230,mobphonenumber230,email@gmail.com230,address230
231,firstname231,lastname231,phonenumber231,mobphonenumber231,email@gmail.com231,address231
232,firstname232,lastname232,phonenumber232,mobphonenumber232,email@gmail.com232,address232
233,firstname233,lastname233,phonenumber233,mobphonenumber233,email@gmail.com233,address233
234,firstname234,lastname234,phonenumber234,mobphonenumber234,email@gmail.com234,address234
235,firstname235,lastname235,phonenumber235,mobphonenumber235,email@gmail.com235,address235
236,firstname236,lastname236,phonenumber236,mobphonenumber236,email@gmail.com236,address236
237,firstname237,lastname237,phonenumber237,mobphonenumber237,email@gmail.com237,address237
238,firstname238,lastname238,phonenumber238,mobphonenumber238,email@gmail.com238,address238
239,firstname239,lastname239,phonenumber239,mobphonenumber239,email@gmail.com239,address239
240,firstname240,lastname240,phonenumber240,mobphonenumber240,email@gmail.com240,address240
241,firstname241,lastname241,phonenumber241,mobphonenumber241,email@gmail.com241,address241
242,firstname242,lastname242,phonenumber242,mobphonenumber242,email@gmail.com242,address242
243,firstname243,lastname243,phonenumber243,mobphonenumber243,email@gmail.com243,address243
244,firstname244,lastname244,phonenumber244,mobphonenumber244,email@gmail.com244,address244
245,firstname245,lastname245,phonenumber245,mobphonenumber245,email@gmail.com245,address245
246,firstname246,lastname246,phonenumber246,mobphonenumber246,email@gmail.com246,address246
247,firstname247,lastname247,phonenumber247,mobphonenumber247,email@gmail.com247,address247
248,firstname248,lastname248,phonenumber248,mobphonenumber248,email@gmail.com248,address248
249,firstname249,lastname249,phonenumber249,mobphonenumber249,email@gmail.com249,address249
250,firstname250,lastname250,phonenumber250,mobphonenumber250,email@gmail.com250,address250
251,firstname251,lastname251,phonenumber251,mobphonenumber251,email@gmail.com251,address251
252,firstname252,lastname252,phonenumber252,mobphonenumber252,email@gmail.com252,address252
253,firstname253,lastname253,phonenumber253,mobphonenumber253,email@gmail.com253,address253
254,firstname254,lastname254,phonenumber254,mobphonenumber254,email@gmail.com254,address254
255,firstname255,lastname255,phonenumber255,mobphonenumber255,email@gmail.com255,address255
256,firstname256,lastname256,phonenumber256,mobphonenumber256,email@gmail.com256,address256
257,firstname257,lastname257,phonenumber257,mobphonenumber257,email@gmail.com257,address257
258,firstname258,lastname258,phonenumber258,mobphonenumber258,email@gmail.com258,address258
259,firstname259,lastname259,phonenumber259,mobphonenumber259,email@gmail.com259,address259
260,firstname260,lastname260,phonenumber260,mobphonenumber260,email@gmail.com260,address260
261,firstname261,lastname261,phonenumber261,mobphonenumber261,email@gmail.com261,address261
262,firstname262,lastname262,phonenumber262,mobphonenumber262,email@gmail.com262,address262
263,firstname263,lastname263,phonenumber263,mobphonenumber263,email@gmail.com263,address263
264,firstname264,lastname264,phonenumber264,mobphonenumber264,email@gmail.com264,address264
265,firstname265,lastname265,phonenumber265,mobphonenumber265,email@gmail.com265,address265
266,firstname266,lastname266,phonenumber266,mobphonenumber266,email@gmail.com266,address266
267,firstname267,lastname267,phonenumber267,mobphonenumber267,email@gmail.com267,address267
268,firstname268,lastname268,phonenumber268,mobphonenumber268,email@gmail.com268,address268
269,firstname269,lastname269,phonenumber269,mobphonenumber269,email@gmail.com269,address269
270,firstname270,lastname270,phonenumber270,mobphonenumber270,email@gmail.com270,address270
271,firstname271,lastname271,phonenumber271,mobphonenumber271,email@gmail.com271,address271
272,firstname272,lastname272,phonenumber272,mobphonenumber272,email@gmail.com272,address272
273,firstname273,lastname273,phonenumber273,mobphonenumber273,email@gmail.com273,address273
274,firstname274,lastname274,phonenumber274,mobphonenumber274,email@gmail.com274,address274
275,firstname275,lastname275,phonenumber275,mobphonenumber275,email@gmail.com275,address275
276,firstname276,lastname276,phonenumber276,mobphonenumber276,email@gmail.com276,address276
277,firstname277,lastname277,phonenumber277,mobphonenumber277,email@gmail.com277,address277
278,firstname278,lastname278,phonenumber278,mobphonenumber278,email@gmail.com278,address278
279,firstname279,lastname279,phonenumber279,mobphonenumber279,email@gmail.com279,address279
280,firstname280,lastname280,phonenumber280,mobphonenumber280,email@gmail.com280,address280
281,firstname281,lastname281,phonenumber281,mobphonenumber281,email@gmail.com281,address281
282,firstname282,lastname282,phonenumber282,mobphonenumber282,email@gmail.com282,address282
283,firstname283,lastname283,phonenumber283,mobphonenumber283,email@gmail.com283,address283
284,firstname284,lastname284,phonenumber284,mobphonenumber284,email@gmail.com284,address284
285,firstname285,lastname285,phonenumber285,mobphonenumber285,email@gmail.com285,address285
286,firstname286,lastname286,phonenumber286,mobphonenumber286,email@gmail.com286,address286
287,firstname287,lastname287,phonenumber287,mobphonenumber287,email@gmail.com287,address287
288,firstname288,lastname288,phonenumber288,mobphonenumber288,email@gmail.com288,address288
289,firstname289,lastname289,phonenumber289,mobphonenumber289,email@gmail.com289,address289
290,firstname290,lastname290,phonenumber290,mobphonenumber290,email@gmail.com290,address290
291,firstname291,lastname291,phonenumber291,mobphonenumber291,email@gmail.com291,address291
292,firstname292,lastname292,phonenumber292,mobphonenumber292,email@gmail.com292,address292
293,firstname293,lastname293,phonenumber293,mobphonenumber293,email@gmail.com293,address293
294,firstname294,lastname294,phonenumber294,mobphonenumber294,email@gmail.com294,address294
295,firstname295,lastname295,phonenumber295,mobphonenumber295,email@gmail.com295,address295
296,firstname296,lastname296,phonenumber296,mobphonenumber296,email@gmail.com296,address296
297,firstname297,lastname297,phonenumber297,mobphonenumber297,email@gmail.com297,address297
298,firstname298,lastname298,phonenumber298,mobphonenumber298,email@gmail.com298,address298
299,firstname299,lastname299,phonenumber299,mobphonenumber299,email@gmail.com299,address299
300,firstname300,lastname300,phonenumber300,mobphonenumber300,email@gmail.com300,address300
301,firstname301,lastname301,phonenumber301,mobphonenumber301,email@gmail.com301,address301
302,firstname302,lastname302,phonenumber302,mobphonenumber302,email@gmail.com302,address302
303,firstname303,lastname303,phonenumber303,mobphonenumber303,email@gmail.com303,address303
304,firstname304,lastname304,phonenumber304,mobphonenumber304,email@gmail.com304,address304
305,firstname305,lastname305,phonenumber305,mobphonenumber305,email@gmail.com305,address305
306,firstname306,lastname306,phonenumber306,mobphonenumber306,email@gmail.com306,address306
307,firstname307,lastname307,phonenumber307,mobphonenumber307,email@gmail.com307,address307
308,firstname308,lastname308,phonenumber308,mobphonenumber308,email@gmail.com308,address308
309,firstname309,lastname309,phonenumber309,mobphonenumber309,email@gmail.com309,address309
310,firstname310,lastname310,phonenumber310,mobphonenumber310,email@gmail.com310,address310
311,firstname311,lastname311,phonenumber311,mobphonenumber311,email@gmail.com311,address311
312,firstname312,lastname312,phonenumber312,mobphonenumber312,email@gmail.com312,address312
313,firstname313,lastname313,phonenumber313,mobphonenumber313,email@gmail.com313,address313
314,firstname314,lastname314,phonenumber314,mobphonenumber314,email@gmail.com314,address314
315,firstname315,lastname315,phonenumber315,mobphonenumber315,email@gmail.com315,address315
316,firstname316,lastname316,phonenumber316,mobphonenumber316,email@gmail.com316,address316
317,firstname317,lastname317,phonenumber317,mobphonenumber317,email@gmail.com317,address317
318,firstname318,lastname318,phonenumber318,mobphonenumber318,email@gmail.com318,address318
319,firstname319,lastname319,phonenumber319,mobphonenumber319,email@gmail.com319,address319
320,firstname320,lastname320,phonenumber320,mobphonenumber320,email@gmail.com320,address320
321,firstname321,lastname321,phonenumber321,mobphonenumber321,email@gmail.com321,address321
322,firstname322,lastname322,phonenumber322,mobphonenumber322,email@gmail.com322,address322
323,firstname323,lastname323,phonenumber323,mobphonenumber323,email@gmail.com323,address323
324,firstname324,lastname324,phonenumber324,mobphonenumber324,email@gmail.com324,address324
325,firstname325,lastname325,phonenumber325,mobphonenumber325,email@gmail.com325,address325
326,firstname326,lastname326,phonenumber326,mobphonenumber326,email@gmail.com326,address326
327,firstname327,lastname327,phonenumber327,mobphonenumber327,email@gmail.com327,address327
328,firstname328,lastname328,phonenumber328,mobphonenumber328,email@gmail.com328,address328
329,firstname329,lastname329,phonenumber329,mobphonenumber329,email@gmail.com329,address329
330,firstname330,lastname330,phonenumber330,mobphonenumber330,email@gmail.com330,address330
331,firstname331,lastname331,phonenumber331,mobphonenumber331,email@gmail.com331,address331
332,firstname332,lastname332,phonenumber332,mobphonenumber332,email@gmail.com332,address332
333,firstname333,lastname333,phonenumber333,mobphonenumber333,email@gmail.com333,address333
334,firstname334,lastname334,phonenumber334,mobphonenumber334,email@gmail.com334,address334
335,firstname335,lastname335,phonenumber335,mobphonenumber335,email@gmail.com335,address335
336,firstname336,lastname336,phonenumber336,mobphonenumber336,email@gmail.com336,address336
337,firstname337,lastname337,phonenumber337,mobphonenumber337,email@gmail.com337,address337
338,firstname338,lastname338,phonenumber338,mobphonenumber338,email@gmail.com338,address338
339,firstname339,lastname339,phonenumber339,mobphonenumber339,email@gmail.com339,address339
340,firstname340,lastname340,phonenumber340,mobphonenumber340,email@gmail.com340,address340
341,firstname341,lastname341,phonenumber341,mobphonenumber341,email@gmail.com341,address341
342,firstname342,lastname342,phonenumber342,mobphonenumber342,email@gmail.com342,address342
343,firstname343,lastname343,phonenumber343,mobphonenumber343,email@gmail.com343,address343
344,firstname344,lastname344,phonenumber344,mobphonenumber344,email@gmail.com344,address344
345,firstname345,lastname345,phonenumber345,mobphonenumber345,email@gmail.com345,address345
346,firstname346,lastname346,phonenumber346,mobphonenumber346,email@gmail.com346,address346
347,firstname347,lastname347,phonenumber347,mobphonenumber347,email@gmail.com347,address347
348,firstname348,lastname348,phonenumber348,mobphonenumber348,email@gmail.com348,address348
349,firstname349,lastname349,phonenumber349,mobphonenumber349,email@gmail.com349,address349
350,firstname350,lastname350,phonenumber350,mobphonenumber350,email@gmail.com350,address350
351,firstname351,lastname351,phonenumber351,mobphonenumber351,email@gmail.com351,address351
352,firstname352,lastname352,phonenumber352,mobphonenumber352,email@gmail.com352,address352
353,firstname353,lastname353,phonenumber353,mobphonenumber353,email@gmail.com353,address353
354,firstname354,lastname354,phonenumber354,mobphonenumber354,email@gmail.com354,address354
355,firstname355,lastname355,phonenumber355,mobphonenumber355,email@gmail.com355,address355
356,firstname356,lastname356,phonenumber356,mobphonenumber356,email@gmail.com356,address356
357,firstname357,lastname357,phonenumber357,mobphonenumber357,email@gmail.com357,address357
358,firstname358,lastname358,phonenumber358,mobphonenumber358,email@gmail.com358,address358
359,firstname359,lastname359,phonenumber359,mobphonenumber359,email@gmail.com359,address359
360,firstname360,lastname360,phonenumber360,mobphonenumber360,email@gmail.com360,address360
361,firstname361,lastname361,phonenumber361,mobphonenumber361,email@gmail.com361,address361
362,firstname362,lastname362,phonenumber362,mobphonenumber362,email@gmail.com362,address362
363,firstname363,lastname363,phonenumber363,mobphonenumber363,email@gmail.com363,address363
364,firstname364,lastname364,phonenumber364,mobphonenumber364,email@gmail.com364,address364
365,firstname365,lastname365,phonenumber365,mobphonenumber365,email@gmail.com365,address365
366,firstname366,lastname366,phonenumber366,mobphonenumber366,email@gmail.com366,address366
367,firstname367,lastname367,phonenumber367,mobphonenumber367,email@gmail.com367,address367
368,firstname368,lastname368,phonenumber368,mobphonenumber368,email@gmail.com368,address368
369,firstname369,lastname369,phonenumber369,mobphonenumber369,email@gmail.com369,address369
370,firstname370,lastname370,phonenumber370,mobphonenumber370,email@gmail.com370,address370
371,firstname371,lastname371,phonenumber371,mobphonenumber371,email@gmail.com371,address371
372,firstname372,lastname372,phonenumber372,mobphonenumber372,email@gmail.com372,address372
373,firstname373,lastname373,phonenumber373,mobphonenumber373,email@gmail.com373,address373
374,firstname374,lastname374,phonenumber374,mobphonenumber374,email@gmail.com374,address374
375,firstname375,lastname375,phonenumber375,mobphonenumber375,email@gmail.com375,address375
376,firstname376,lastname376,phonenumber376,mobphonenumber376,email@gmail.com376,address376
377,firstname377,lastname377,phonenumber377,mobphonenumber377,email@gmail.com377,address377
378,firstname378,lastname378,phonenumber378,mobphonenumber378,email@gmail.com378,address378
379,firstname379,lastname379,phonenumber379,mobphonenumber379,email@gmail.com379,address379
380,firstname380,lastname380,phonenumber380,mobphonenumber380,email@gmail.com380,address380
381,firstname381,lastname381,phonenumber381,mobphonenumber381,email@gmail.com381,address381
382,firstname382,lastname382,phonenumber382,mobphonenumber382,email@gmail.com382,address382
383,firstname383,lastname383,phonenumber383,mobphonenumber383,email@gmail.com383,address383
384,firstname384,lastname384,phonenumber384,mobphonenumber384,email@gmail.com384,address384
385,firstname385,lastname385,phonenumber385,mobphonenumber385,email@gmail.com385,address385
386,firstname386,lastname386,phonenumber386,mobphonenumber386,email@gmail.com386,address386
387,firstname387,lastname387,phonenumber387,mobphonenumber387,email@gmail.com387,address387
388,firstname388,lastname388,phonenumber388,mobphonenumber388,email@gmail.com388,address388
389,firstname389,lastname389,phonenumber389,mobphonenumber389,email@gmail.com389,address389
390,firstname390,lastname390,phonenumber390,mobphonenumber390,email@gmail.com390,address390
391,firstname391,lastname391,phonenumber391,mobphonenumber391,email@gmail.com391,address391
392,firstname392,lastname392,phonenumber392,mobphonenumber392,email@gmail.com392,address392
393,firstname393,lastname393,phonenumber393,mobphonenumber393,email@gmail.com393,address393
394,firstname394,lastname394,phonenumber394,mobphonenumber394,email@gmail.com394,address394
395,firstname395,lastname395,phonenumber395,mobphonenumber395,email@gmail.com395,address395
396,firstname396,lastname396,phonenumber396,mobphonenumber396,email@gmail.com396,address396
397,firstname397,lastname397,phonenumber397,mobphonenumber397,email@gmail.com397,address397
398,firstname398,lastname398,phonenumber398,mobphonenumber398,email@gmail.com398,address398
399,firstname399,lastname399,phonenumber399,mobphonenumber399,email@gmail.com399,address399
400,firstname400,lastname400,phonenumber400,mobphonenumber400,email@gmail.com400,address400
401,firstname401,lastname401,phonenumber401,mobphonenumber401,email@gmail.com401,address401
402,firstname402,lastname402,phonenumber402,mobphonenumber402,email@gmail.com402,address402
403,firstname403,lastname403,phonenumber403,mobphonenumber403,email@gmail.com403,address403
404,firstname404,lastname404,phonenumber404,mobphonenumber404,email@gmail.com404,address404
405,firstname405,lastname405,phonenumber405,mobphonenumber405,email@gmail.com405,address405
406,firstname406,lastname406,phonenumber406,mobphonenumber406,email@gmail.com406,address406
407,firstname407,lastname407,phonenumber407,mobphonenumber407,email@gmail.com407,address407
408,firstname408,lastname408,phonenumber408,mobphonenumber408,email@gmail.com408,address408
409,firstname409,lastname409,phonenumber409,mobphonenumber409,email@gmail.com409,address409
410,firstname410,lastname410,phonenumber410,mobphonenumber410,email@gmail.com410,address410
411,firstname411,lastname411,phonenumber411,mobphonenumber411,email@gmail.com411,address411
412,firstname412,lastname412,phonenumber412,mobphonenumber412,email@gmail.com412,address412
413,firstname413,lastname413,phonenumber413,mobphonenumber413,email@gmail.com413,address413
414,firstname414,lastname414,phonenumber414,mobphonenumber414,email@gmail.com414,address414
415,firstname415,lastname415,phonenumber415,mobphonenumber415,email@gmail.com415,address415
416,firstname416,lastname416,phonenumber416,mobphonenumber416,email@gmail.com416,address416
417,firstname417,lastname417,phonenumber417,mobphonenumber417,email@gmail.com417,address417
418,firstname418,lastname418,phonenumber418,mobphonenumber418,email@gmail.com418,address418
419,firstname419,lastname419,phonenumber419,mobphonenumber419,email@gmail.com419,address419
420,firstname420,lastname420,phonenumber420,mobphonenumber420,email@gmail.com420,address420
421,firstname421,lastname421,phonenumber421,mobphonenumber421,email@gmail.com421,address421
422,firstname422,lastname422,phonenumber422,mobphonenumber422,email@gmail.com422,address422
423,firstname423,lastname423,phonenumber423,mobphonenumber423,email@gmail.com423,address423
424,firstname424,lastname424,phonenumber424,mobphonenumber424,email@gmail.com424,address424
425,firstname425,lastname425,phonenumber425,mobphonenumber425,email@gmail.com425,address425
426,firstname426,lastname426,phonenumber426,mobphonenumber426,email@gmail.com426,address426
427,firstname427,lastname427,phonenumber427,mobphonenumber427,email@gmail.com427,address427
428,firstname428,lastname428,phonenumber428,mobphonenumber428,email@gmail.com428,address428
429,firstname429,lastname429,phonenumber429,mobphonenumber429,email@gmail.com429,address429
430,firstname430,lastname430,phonenumber430,mobphonenumber430,email@gmail.com430,address430
431,firstname431,lastname431,phonenumber431,mobphonenumber431,email@gmail.com431,address431
432,firstname432,lastname432,phonenumber432,mobphonenumber432,email@gmail.com432,address432
433,firstname433,lastname433,phonenumber433,mobphonenumber433,email@gmail.com433,address433
434,firstname434,lastname434,phonenumber434,mobphonenumber434,email@gmail.com434,address434
435,firstname435,lastname435,phonenumber435,mobphonenumber435,email@gmail.com435,address435
436,firstname436,lastname436,phonenumber436,mobphonenumber436,email@gmail.com436,address436
437,firstname437,lastname437,phonenumber437,mobphonenumber437,email@gmail.com437,address437
438,firstname438,lastname438,phonenumber438,mobphonenumber438,email@gmail.com438,address438
439,firstname439,lastname439,phonenumber439,mobphonenumber439,email@gmail.com439,address439
440,firstname440,lastname440,phonenumber440,mobphonenumber440,email@gmail.com440,address440
441,firstname441,lastname441,phonenumber441,mobphonenumber441,email@gmail.com441,address441
442,firstname442,lastname442,phonenumber442,mobphonenumber442,email@gmail.com442,address442
443,firstname443,lastname443,phonenumber443,mobphonenumber443,email@gmail.com443,address443
444,firstname444,lastname444,phonenumber444,mobphonenumber444,email@gmail.com444,address444
445,firstname445,lastname445,phonenumber445,mobphonenumber445,email@gmail.com445,address445
446,firstname446,lastname446,phonenumber446,mobphonenumber446,email@gmail.com446,address446
447,firstname447,lastname447,phonenumber447,mobphonenumber447,email@gmail.com447,address447
448,firstname448,lastname448,phonenumber448,mobphonenumber448,email@gmail.com448,address448
449,firstname449,lastname449,phonenumber449,mobphonenumber449,email@gmail.com449,address449
450,firstname450,lastname450,phonenumber450,mobphonenumber450,email@gmail.com450,address450
451,firstname451,lastname451,phonenumber451,mobphonenumber451,email@gmail.com451,address451
452,firstname452,lastname452,phonenumber452,mobphonenumber452,email@gmail.com452,address452
453,firstname453,lastname453,phonenumber453,mobphonenumber453,email@gmail.com453,address453
454,firstname454,lastname454,phonenumber454,mobphonenumber454,email@gmail.com454,address454
455,firstname455,lastname455,phonenumber455,mobphonenumber455,email@gmail.com455,address455
456,firstname456,lastname456,phonenumber456,mobphonenumber456,email@gmail.com456,address456
457,firstname457,lastname457,phonenumber457,mobphonenumber457,email@gmail.com457,address457
458,firstname458,lastname458,phonenumber458,mobphonenumber458,email@gmail.com458,address458
459,firstname459,lastname459,phonenumber459,mobphonenumber459,email@gmail.com459,address459
460,firstname460,lastname460,phonenumber460,mobphonenumber460,email@gmail.com460,address460
461,firstname461,lastname461,phonenumber461,mobphonenumber461,email@gmail.com461,address461
462,firstname462,lastname462,phonenumber462,mobphonenumber462,email@gmail.com462,address462
463,firstname463,lastname463,phonenumber463,mobphonenumber463,email@gmail.com463,address463
464,firstname464,lastname464,phonenumber464,mobphonenumber464,email@gmail.com464,address464
465,firstname465,lastname465,phonenumber465,mobphonenumber465,email@gmail.com465,address465
466,firstname466,lastname466,phonenumber466,mobphonenumber466,email@gmail.com466,address466
467,firstname467,lastname467,phonenumber467,mobphonenumber467,email@gmail.com467,address467
468,firstname468,lastname468,phonenumber468,mobphonenumber468,email@gmail.com468,address468
469,firstname469,lastname469,phonenumber469,mobphonenumber469,email@gmail.com469,address469
470,firstname470,lastname470,phonenumber470,mobphonenumber470,email@gmail.com470,address470
471,firstname471,lastname471,phonenumber471,mobphonenumber471,email@gmail.com471,address471
472,firstname472,lastname472,phonenumber472,mobphonenumber472,email@gmail.com472,address472
473,firstname473,lastname473,phonenumber473,mobphonenumber473,email@gmail.com473,address473
474,firstname474,lastname474,phonenumber474,mobphonenumber474,email@gmail.com474,address474
475,firstname475,lastname475,phonenumber475,mobphonenumber475,email@gmail.com475,address475
476,firstname476,lastname476,phonenumber476,mobphonenumber476,email@gmail.com476,address476
477,firstname477,lastname477,phonenumber477,mobphonenumber477,email@gmail.com477,address477
478,firstname478,lastname478,phonenumber478,mobphonenumber478,email@gmail.com478,address478
479,firstname479,lastname479,phonenumber479,mobphonenumber479,email@gmail.com479,address479
480,firstname480,lastname480,phonenumber480,mobphonenumber480,email@gmail.com480,address480
481,firstname481,lastname481,phonenumber481,mobphonenumber481,email@gmail.com481,address481
482,firstname482,lastname482,phonenumber482,mobphonenumber482,email@gmail.com482,address482
483,firstname483,lastname483,phonenumber483,mobphonenumber483,email@gmail.com483,address483
484,firstname484,lastname484,phonenumber484,mobphonenumber484,email@gmail.com484,address484
485,firstname485,lastname485,phonenumber485,mobphonenumber485,email@gmail.com485,address485
486,firstname486,lastname486,phonenumber486,mobphonenumber486,email@gmail.com486,address486
487,firstname487,lastname487,phonenumber487,mobphonenumber487,email@gmail.com487,address487
488,firstname488,lastname488,phonenumber488,mobphonenumber488,email@gmail.com488,address488
489,firstname489,lastname489,phonenumber489,mobphonenumber489,email@gmail.com489,address489
490,firstname490,lastname490,phonenumber490,mobphonenumber490,email@gmail.com490,address490
491,firstname491,lastname491,phonenumber491,mobphonenumber491,email@gmail.com491,address491
492,firstname492,lastname492,phonenumber492,mobphonenumber492,email@gmail.com492,address492
493,firstname493,lastname493,phonenumber493,mobphonenumber493,email@gmail.com493,address493
494,firstname494,lastname494,phonenumber494,mobphonenumber494,email@gmail.com494,address494
495,firstname495,lastname495,phonenumber495,mobphonenumber495,email@gmail.com495,address495
496,firstname496,lastname496,phonenumber496,mobphonenumber496,email@gmail.com496,address496
497,firstname497,lastname497,phonenumber497,mobphonenumber497,email@gmail.com497,address497
498,firstname498,lastname498,phonenumber498,mobphonenumber498,email@gmail.com498,address498
499,firstname499,lastname499,phonenumber499,mobphonenumber499,email@gmail.com499,address499
500,firstname500,lastname500,phonenumber500,mobphonenumber500,email@gmail.com500,address500
501,firstname501,lastname501,phonenumber501,mobphonenumber501,email@gmail.com501,address501
502,firstname502,lastname502,phonenumber502,mobphonenumber502,email@gmail.com502,address502
503,firstname503,lastname503,phonenumber503,mobphonenumber503,email@gmail.com503,address503
504,firstname504,lastname504,phonenumber504,mobphonenumber504,email@gmail.com504,address504
505,firstname505,lastname505,phonenumber505,mobphonenumber505,email@gmail.com505,address505
506,firstname506,lastname506,phonenumber506,mobphonenumber506,email@gmail.com506,address506
507,firstname507,lastname507,phonenumber507,mobphonenumber507,email@gmail.com507,address507
508,firstname508,lastname508,phonenumber508,mobphonenumber508,email@gmail.com508,address508
509,firstname509,lastname509,phonenumber509,mobphonenumber509,email@gmail.com509,address509
510,firstname510,lastname510,phonenumber510,mobphonenumber510,email@gmail.com510,address510
511,firstname511,lastname511,phonenumber511,mobphonenumber511,email@gmail.com511,address511
512,firstname512,lastname512,phonenumber512,mobphonenumber512,email@gmail.com512,address512
513,firstname513,lastname513,phonenumber513,mobphonenumber513,email@gmail.com513,address513
514,firstname514,lastname514,phonenumber514,mobphonenumber514,email@gmail.com514,address514
515,firstname515,lastname515,phonenumber515,mobphonenumber515,email@gmail.com515,address515
516,firstname516,lastname516,phonenumber516,mobphonenumber516,email@gmail.com516,address516
517,firstname517,lastname517,phonenumber517,mobphonenumber517,email@gmail.com517,address517
518,firstname518,lastname518,phonenumber518,mobphonenumber518,email@gmail.com518,address518
519,firstname519,lastname519,phonenumber519,mobphonenumber519,email@gmail.com519,address519
520,firstname520,lastname520,phonenumber520,mobphonenumber520,email@gmail.com520,address520
521,firstname521,lastname521,phonenumber521,mobphonenumber521,email@gmail.com521,address521
522,firstname522,lastname522,phonenumber522,mobphonenumber522,email@gmail.com522,address522
523,firstname523,lastname523,phonenumber523,mobphonenumber523,email@gmail.com523,address523
524,firstname524,lastname524,phonenumber524,mobphonenumber524,email@gmail.com524,address524
525,firstname525,lastname525,phonenumber525,mobphonenumber525,email@gmail.com525,address525
526,firstname526,lastname526,phonenumber526,mobphonenumber526,email@gmail.com526,address526
527,firstname527,lastname527,phonenumber527,mobphonenumber527,email@gmail.com527,address527
528,firstname528,lastname528,phonenumber528,mobphonenumber528,email@gmail.com528,address528
529,firstname529,lastname529,phonenumber529,mobphonenumber529,email@gmail.com529,address529
530,firstname530,lastname530,phonenumber530,mobphonenumber530,email@gmail.com530,address530
531,firstname531,lastname531,phonenumber531,mobphonenumber531,email@gmail.com531,address531
532,firstname532,lastname532,phonenumber532,mobphonenumber532,email@gmail.com532,address532
533,firstname533,lastname533,phonenumber533,mobphonenumber533,email@gmail.com533,address533
534,firstname534,lastname534,phonenumber534,mobphonenumber534,email@gmail.com534,address534
535,firstname535,lastname535,phonenumber535,mobphonenumber535,email@gmail.com535,address535
536,firstname536,lastname536,phonenumber536,mobphonenumber536,email@gmail.com536,address536
537,firstname537,lastname537,phonenumber537,mobphonenumber537,email@gmail.com537,address537
538,firstname538,lastname538,phonenumber538,mobphonenumber538,email@gmail.com538,address538
539,firstname539,lastname539,phonenumber539,mobphonenumber539,email@gmail.com539,address539
540,firstname540,lastname540,phonenumber540,mobphonenumber540,email@gmail.com540,address540
541,firstname541,lastname541,phonenumber541,mobphonenumber541,email@gmail.com541,address541
542,firstname542,lastname542,phonenumber542,mobphonenumber542,email@gmail.com542,address542
543,firstname543,lastname543,phonenumber543,mobphonenumber543,email@gmail.com543,address543
544,firstname544,lastname544,phonenumber544,mobphonenumber544,email@gmail.com544,address544
545,firstname545,lastname545,phonenumber545,mobphonenumber545,email@gmail.com545,address545
546,firstname546,lastname546,phonenumber546,mobphonenumber546,email@gmail.com546,address546
547,firstname547,lastname547,phonenumber547,mobphonenumber547,email@gmail.com547,address547
548,firstname548,lastname548,phonenumber548,mobphonenumber548,email@gmail.com548,address548
549,firstname549,lastname549,phonenumber549,mobphonenumber549,email@gmail.com549,address549
550,firstname550,lastname550,phonenumber550,mobphonenumber550,email@gmail.com550,address550
551,firstname551,lastname551,phonenumber551,mobphonenumber551,email@gmail.com551,address551
552,firstname552,lastname552,phonenumber552,mobphonenumber552,email@gmail.com552,address552
553,firstname553,lastname553,phonenumber553,mobphonenumber553,email@gmail.com553,address553
554,firstname554,lastname554,phonenumber554,mobphonenumber554,email@gmail.com554,address554
555,firstname555,lastname555,phonenumber555,mobphonenumber555,email@gmail.com555,address555
556,firstname556,lastname556,phonenumber556,mobphonenumber556,email@gmail.com556,address556
557,firstname557,lastname557,phonenumber557,mobphonenumber557,email@gmail.com557,address557
558,firstname558,lastname558,phonenumber558,mobphonenumber558,email@gmail.com558,address558
559,firstname559,lastname559,phonenumber559,mobphonenumber559,email@gmail.com559,address559
560,firstname560,lastname560,phonenumber560,mobphonenumber560,email@gmail.com560,address560
561,firstname561,lastname561,phonenumber561,mobphonenumber561,email@gmail.com561,address561
562,firstname562,lastname562,phonenumber562,mobphonenumber562,email@gmail.com562,address562
563,firstname563,lastname563,phonenumber563,mobphonenumber563,email@gmail.com563,address563
564,firstname564,lastname564,phonenumber564,mobphonenumber564,email@gmail.com564,address564
565,firstname565,lastname565,phonenumber565,mobphonenumber565,email@gmail.com565,address565
566,firstname566,lastname566,phonenumber566,mobphonenumber566,email@gmail.com566,address566
567,firstname567,lastname567,phonenumber567,mobphonenumber567,email@gmail.com567,address567
568,firstname568,lastname568,phonenumber568,mobphonenumber568,email@gmail.com568,address568
569,firstname569,lastname569,phonenumber569,mobphonenumber569,email@gmail.com569,address569
570,firstname570,lastname570,phonenumber570,mobphonenumber570,email@gmail.com570,address570
571,firstname571,lastname571,phonenumber571,mobphonenumber571,email@gmail.com571,address571
572,firstname572,lastname572,phonenumber572,mobphonenumber572,email@gmail.com572,address572
573,firstname573,lastname573,phonenumber573,mobphonenumber573,email@gmail.com573,address573
574,firstname574,lastname574,phonenumber574,mobphonenumber574,email@gmail.com574,address574
575,firstname575,lastname575,phonenumber575,mobphonenumber575,email@gmail.com575,address575
576,firstname576,lastname576,phonenumber576,mobphonenumber576,email@gmail.com576,address576
577,firstname577,lastname577,phonenumber577,mobphonenumber577,email@gmail.com577,address577
578,firstname578,lastname578,phonenumber578,mobphonenumber578,email@gmail.com578,address578
579,firstname579,lastname579,phonenumber579,mobphonenumber579,email@gmail.com579,address579
580,firstname580,lastname580,phonenumber580,mobphonenumber580,email@gmail.com580,address580
581,firstname581,lastname581,phonenumber581,mobphonenumber581,email@gmail.com581,address581
582,firstname582,lastname582,phonenumber582,mobphonenumber582,email@gmail.com582,address582
583,firstname583,lastname583,phonenumber583,mobphonenumber583,email@gmail.com583,address583
584,firstname584,lastname584,phonenumber584,mobphonenumber584,email@gmail.com584,address584
585,firstname585,lastname585,phonenumber585,mobphonenumber585,email@gmail.com585,address585
586,firstname586,lastname586,phonenumber586,mobphonenumber586,email@gmail.com586,address586
587,firstname587,lastname587,phonenumber587,mobphonenumber587,email@gmail.com587,address587
588,firstname588,lastname588,phonenumber588,mobphonenumber588,email@gmail.com588,address588
589,firstname589,lastname589,phonenumber589,mobphonenumber589,email@gmail.com589,address589
590,firstname590,lastname590,phonenumber590,mobphonenumber590,email@gmail.com590,address590
591,firstname591,lastname591,phonenumber591,mobphonenumber591,email@gmail.com591,address591
592,firstname592,lastname592,phonenumber592,mobphonenumber592,email@gmail.com592,address592
593,firstname593,lastname593,phonenumber593,mobphonenumber593,email@gmail.com593,address593
594,firstname594,lastname594,phonenumber594,mobphonenumber594,email@gmail.com594,address594
595,firstname595,lastname595,phonenumber595,mobphonenumber595,email@gmail.com595,address595
596,firstname596,lastname596,phonenumber596,mobphonenumber596,email@gmail.com596,address596
597,firstname597,lastname597,phonenumber597,mobphonenumber597,email@gmail.com597,address597
598,firstname598,lastname598,phonenumber598,mobphonenumber598,email@gmail.com598,address598
599,firstname599,lastname599,phonenumber599,mobphonenumber599,email@gmail.com599,address599
600,firstname600,lastname600,phonenumber600,mobphonenumber600,email@gmail.com600,address600
601,firstname601,lastname601,phonenumber601,mobphonenumber601,email@gmail.com601,address601
602,firstname602,lastname602,phonenumber602,mobphonenumber602,email@gmail.com602,address602
603,firstname603,lastname603,phonenumber603,mobphonenumber603,email@gmail.com603,address603
604,firstname604,lastname604,phonenumber604,mobphonenumber604,email@gmail.com604,address604
605,firstname605,lastname605,phonenumber605,mobphonenumber605,email@gmail.com605,address605
606,firstname606,lastname606,phonenumber606,mobphonenumber606,email@gmail.com606,address606
607,firstname607,lastname607,phonenumber607,mobphonenumber607,email@gmail.com607,address607
608,firstname608,lastname608,phonenumber608,mobphonenumber608,email@gmail.com608,address608
609,firstname609,lastname609,phonenumber609,mobphonenumber609,email@gmail.com609,address609
610,firstname610,lastname610,phonenumber610,mobphonenumber610,email@gmail.com610,address610
611,firstname611,lastname611,phonenumber611,mobphonenumber611,email@gmail.com611,address611
612,firstname612,lastname612,phonenumber612,mobphonenumber612,email@gmail.com612,address612
613,firstname613,lastname613,phonenumber613,mobphonenumber613,email@gmail.com613,address613
614,firstname614,lastname614,phonenumber614,mobphonenumber614,email@gmail.com614,address614
615,firstname615,lastname615,phonenumber615,mobphonenumber615,email@gmail.com615,address615
616,firstname616,lastname616,phonenumber616,mobphonenumber616,email@gmail.com616,address616
617,firstname617,lastname617,phonenumber617,mobphonenumber617,email@gmail.com617,address617
618,firstname618,lastname618,phonenumber618,mobphonenumber618,email@gmail.com618,address618
619,firstname619,lastname619,phonenumber619,mobphonenumber619,email@gmail.com619,address619
620,firstname620,lastname620,phonenumber620,mobphonenumber620,email@gmail.com620,address620
621,firstname621,lastname621,phonenumber621,mobphonenumber621,email@gmail.com621,address621
622,firstname622,lastname622,phonenumber622,mobphonenumber622,email@gmail.com622,address622
623,firstname623,lastname623,phonenumber623,mobphonenumber623,email@gmail.com623,address623
624,firstname624,lastname624,phonenumber624,mobphonenumber624,email@gmail.com624,address624
625,firstname625,lastname625,phonenumber625,mobphonenumber625,email@gmail.com625,address625
626,firstname626,lastname626,phonenumber626,mobphonenumber626,email@gmail.com626,address626
627,firstname627,lastname627,phonenumber627,mobphonenumber627,email@gmail.com627,address627
628,firstname628,lastname628,phonenumber628,mobphonenumber628,email@gmail.com628,address628
629,firstname629,lastname629,phonenumber629,mobphonenumber629,email@gmail.com629,address629
630,firstname630,lastname630,phonenumber630,mobphonenumber630,email@gmail.com630,address630
631,firstname631,lastname631,phonenumber631,mobphonenumber631,email@gmail.com631,address631
632,firstname632,lastname632,phonenumber632,mobphonenumber632,email@gmail.com632,address632
633,firstname633,lastname633,phonenumber633,mobphonenumber633,email@gmail.com633,address633
634,firstname634,lastname634,phonenumber634,mobphonenumber634,email@gmail.com634,address634
635,firstname635,lastname635,phonenumber635,mobphonenumber635,email@gmail.com635,address635
636,firstname636,lastname636,phonenumber636,mobphonenumber636,email@gmail.com636,address636
637,firstname637,lastname637,phonenumber637,mobphonenumber637,email@gmail.com637,address637
638,firstname638,lastname638,phonenumber638,mobphonenumber638,email@gmail.com638,address638
639,firstname639,lastname639,phonenumber639,mobphonenumber639,email@gmail.com639,address639
640,firstname640,lastname640,phonenumber640,mobphonenumber640,email@gmail.com640,address640
641,firstname641,lastname641,phonenumber641,mobphonenumber641,email@gmail.com641,address641
642,firstname642,lastname642,phonenumber642,mobphonenumber642,email@gmail.com642,address642
643,firstname643,lastname643,phonenumber643,mobphonenumber643,email@gmail.com643,address643
644,firstname644,lastname644,phonenumber644,mobphonenumber644,email@gmail.com644,address644
645,firstname645,lastname645,phonenumber645,mobphonenumber645,email@gmail.com645,address645
646,firstname646,lastname646,phonenumber646,mobphonenumber646,email@gmail.com646,address646
647,firstname647,lastname647,phonenumber647,mobphonenumber647,email@gmail.com647,address647
648,firstname648,lastname648,phonenumber648,mobphonenumber648,email@gmail.com648,address648
649,firstname649,lastname649,phonenumber649,mobphonenumber649,email@gmail.com649,address649
650,firstname650,lastname650,phonenumber650,mobphonenumber650,email@gmail.com650,address650
651,firstname651,lastname651,phonenumber651,mobphonenumber651,email@gmail.com651,address651
652,firstname652,lastname652,phonenumber652,mobphonenumber652,email@gmail.com652,address652
653,firstname653,lastname653,phonenumber653,mobphonenumber653,email@gmail.com653,address653
654,firstname654,lastname654,phonenumber654,mobphonenumber654,email@gmail.com654,address654
655,firstname655,lastname655,phonenumber655,mobphonenumber655,email@gmail.com655,address655
656,firstname656,lastname656,phonenumber656,mobphonenumber656,email@gmail.com656,address656
657,firstname657,lastname657,phonenumber657,mobphonenumber657,email@gmail.com657,address657
658,firstname658,lastname658,phonenumber658,mobphonenumber658,email@gmail.com658,address658
659,firstname659,lastname659,phonenumber659,mobphonenumber659,email@gmail.com659,address659
660,firstname660,lastname660,phonenumber660,mobphonenumber660,email@gmail.com660,address660
661,firstname661,lastname661,phonenumber661,mobphonenumber661,email@gmail.com661,address661
662,firstname662,lastname662,phonenumber662,mobphonenumber662,email@gmail.com662,address662
663,firstname663,lastname663,phonenumber663,mobphonenumber663,email@gmail.com663,address663
664,firstname664,lastname664,phonenumber664,mobphonenumber664,email@gmail.com664,address664
665,firstname665,lastname665,phonenumber665,mobphonenumber665,email@gmail.com665,address665
666,firstname666,lastname666,phonenumber666,mobphonenumber666,email@gmail.com666,address666
667,firstname667,lastname667,phonenumber667,mobphonenumber667,email@gmail.com667,address667
668,firstname668,lastname668,phonenumber668,mobphonenumber668,email@gmail.com668,address668
669,firstname669,lastname669,phonenumber669,mobphonenumber669,email@gmail.com669,address669
670,firstname670,lastname670,phonenumber670,mobphonenumber670,email@gmail.com670,address670
671,firstname671,lastname671,phonenumber671,mobphonenumber671,email@gmail.com671,address671
672,firstname672,lastname672,phonenumber672,mobphonenumber672,email@gmail.com672,address672
673,firstname673,lastname673,phonenumber673,mobphonenumber673,email@gmail.com673,address673
674,firstname674,lastname674,phonenumber674,mobphonenumber674,email@gmail.com674,address674
675,firstname675,lastname675,phonenumber675,mobphonenumber675,email@gmail.com675,address675
676,firstname676,lastname676,phonenumber676,mobphonenumber676,email@gmail.com676,address676
677,firstname677,lastname677,phonenumber677,mobphonenumber677,email@gmail.com677,address677
678,firstname678,lastname678,phonenumber678,mobphonenumber678,email@gmail.com678,address678
679,firstname679,lastname679,phonenumber679,mobphonenumber679,email@gmail.com679,address679
680,firstname680,lastname680,phonenumber680,mobphonenumber680,email@gmail.com680,address680
681,firstname681,lastname681,phonenumber681,mobphonenumber681,email@gmail.com681,address681
682,firstname682,lastname682,phonenumber682,mobphonenumber682,email@gmail.com682,address682
683,firstname683,lastname683,phonenumber683,mobphonenumber683,email@gmail.com683,address683
684,firstname684,lastname684,phonenumber684,mobphonenumber684,email@gmail.com684,address684
685,firstname685,lastname685,phonenumber685,mobphonenumber685,email@gmail.com685,address685
686,firstname686,lastname686,phonenumber686,mobphonenumber686,email@gmail.com686,address686
687,firstname687,lastname687,phonenumber687,mobphonenumber687,email@gmail.com687,address687
688,firstname688,lastname688,phonenumber688,mobphonenumber688,email@gmail.com688,address688
689,firstname689,lastname689,phonenumber689,mobphonenumber689,email@gmail.com689,address689
690,firstname690,lastname690,phonenumber690,mobphonenumber690,email@gmail.com690,address690
691,firstname691,lastname691,phonenumber691,mobphonenumber691,email@gmail.com691,address691
692,firstname692,lastname692,phonenumber692,mobphonenumber692,email@gmail.com692,address692
693,firstname693,lastname693,phonenumber693,mobphonenumber693,email@gmail.com693,address693
694,firstname694,lastname694,phonenumber694,mobphonenumber694,email@gmail.com694,address694
695,firstname695,lastname695,phonenumber695,mobphonenumber695,email@gmail.com695,address695
696,firstname696,lastname696,phonenumber696,mobphonenumber696,email@gmail.com696,address696
697,firstname697,lastname697,phonenumber697,mobphonenumber697,email@gmail.com697,address697
698,firstname698,lastname698,phonenumber698,mobphonenumber698,email@gmail.com698,address698
699,firstname699,lastname699,phonenumber699,mobphonenumber699,email@gmail.com699,address699
700,firstname700,lastname700,phonenumber700,mobphonenumber700,email@gmail.com700,address700
701,firstname701,lastname701,phonenumber701,mobphonenumber701,email@gmail.com701,address701
702,firstname702,lastname702,phonenumber702,mobphonenumber702,email@gmail.com702,address702
703,firstname703,lastname703,phonenumber703,mobphonenumber703,email@gmail.com703,address703
704,firstname704,lastname704,phonenumber704,mobphonenumber704,email@gmail.com704,address704
705,firstname705,lastname705,phonenumber705,mobphonenumber705,email@gmail.com705,address705
706,firstname706,lastname706,phonenumber706,mobphonenumber706,email@gmail.com706,address706
707,firstname707,lastname707,phonenumber707,mobphonenumber707,email@gmail.com707,address707
708,firstname708,lastname708,phonenumber708,mobphonenumber708,email@gmail.com708,address708
709,firstname709,lastname709,phonenumber709,mobphonenumber709,email@gmail.com709,address709
710,firstname710,lastname710,phonenumber710,mobphonenumber710,email@gmail.com710,address710
711,firstname711,lastname711,phonenumber711,mobphonenumber711,email@gmail.com711,address711
712,firstname712,lastname712,phonenumber712,mobphonenumber712,email@gmail.com712,address712
713,firstname713,lastname713,phonenumber713,mobphonenumber713,email@gmail.com713,address713
714,firstname714,lastname714,phonenumber714,mobphonenumber714,email@gmail.com714,address714
715,firstname715,lastname715,phonenumber715,mobphonenumber715,email@gmail.com715,address715
716,firstname716,lastname716,phonenumber716,mobphonenumber716,email@gmail.com716,address716
717,firstname717,lastname717,phonenumber717,mobphonenumber717,email@gmail.com717,address717
718,firstname718,lastname718,phonenumber718,mobphonenumber718,email@gmail.com718,address718
719,firstname719,lastname719,phonenumber719,mobphonenumber719,email@gmail.com719,address719
720,firstname720,lastname720,phonenumber720,mobphonenumber720,email@gmail.com720,address720
721,firstname721,lastname721,phonenumber721,mobphonenumber721,email@gmail.com721,address721
722,firstname722,lastname722,phonenumber722,mobphonenumber722,email@gmail.com722,address722
723,firstname723,lastname723,phonenumber723,mobphonenumber723,email@gmail.com723,address723
724,firstname724,lastname724,phonenumber724,mobphonenumber724,email@gmail.com724,address724
725,firstname725,lastname725,phonenumber725,mobphonenumber725,email@gmail.com725,address725
726,firstname726,lastname726,phonenumber726,mobphonenumber726,email@gmail.com726,address726
727,firstname727,lastname727,phonenumber727,mobphonenumber727,email@gmail.com727,address727
728,firstname728,lastname728,phonenumber728,mobphonenumber728,email@gmail.com728,address728
729,firstname729,lastname729,phonenumber729,mobphonenumber729,email@gmail.com729,address729
730,firstname730,lastname730,phonenumber730,mobphonenumber730,email@gmail.com730,address730
731,firstname731,lastname731,phonenumber731,mobphonenumber731,email@gmail.com731,address731
732,firstname732,lastname732,phonenumber732,mobphonenumber732,email@gmail.com732,address732
733,firstname733,lastname733,phonenumber733,mobphonenumber733,email@gmail.com733,address733
734,firstname734,lastname734,phonenumber734,mobphonenumber734,email@gmail.com734,address734
735,firstname735,lastname735,phonenumber735,mobphonenumber735,email@gmail.com735,address735
736,firstname736,lastname736,phonenumber736,mobphonenumber736,email@gmail.com736,address736
737,firstname737,lastname737,phonenumber737,mobphonenumber737,email@gmail.com737,address737
738,firstname738,lastname738,phonenumber738,mobphonenumber738,email@gmail.com738,address738
739,firstname739,lastname739,phonenumber739,mobphonenumber739,email@gmail.com739,address739
740,firstname740,lastname740,phonenumber740,mobphonenumber740,email@gmail.com740,address740
741,firstname741,lastname741,phonenumber741,mobphonenumber741,email@gmail.com741,address741
742,firstname742,lastname742,phonenumber742,mobphonenumber742,email@gmail.com742,address742
743,firstname743,lastname743,phonenumber743,mobphonenumber743,email@gmail.com743,address743
744,firstname744,lastname744,phonenumber744,mobphonenumber744,email@gmail.com744,address744
745,firstname745,lastname745,phonenumber745,mobphonenumber745,email@gmail.com745,address745
746,firstname746,lastname746,phonenumber746,mobphonenumber746,email@gmail.com746,address746
747,firstname747,lastname747,phonenumber747,mobphonenumber747,email@gmail.com747,address747
748,firstname748,lastname748,phonenumber748,mobphonenumber748,email@gmail.com748,address748
749,firstname749,lastname749,phonenumber749,mobphonenumber749,email@gmail.com749,address749
750,firstname750,lastname750,phonenumber750,mobphonenumber750,email@gmail.com750,address750
751,firstname751,lastname751,phonenumber751,mobphonenumber751,email@gmail.com751,address751
752,firstname752,lastname752,phonenumber752,mobphonenumber752,email@gmail.com752,address752
753,firstname753,lastname753,phonenumber753,mobphonenumber753,email@gmail.com753,address753
754,firstname754,lastname754,phonenumber754,mobphonenumber754,email@gmail.com754,address754
755,firstname755,lastname755,phonenumber755,mobphonenumber755,email@gmail.com755,address755
756,firstname756,lastname756,phonenumber756,mobphonenumber756,email@gmail.com756,address756
757,firstname757,lastname757,phonenumber757,mobphonenumber757,email@gmail.com757,address757
758,firstname758,lastname758,phonenumber758,mobphonenumber758,email@gmail.com758,address758
759,firstname759,lastname759,phonenumber759,mobphonenumber759,email@gmail.com759,address759
760,firstname760,lastname760,phonenumber760,mobphonenumber760,email@gmail.com760,address760
761,firstname761,lastname761,phonenumber761,mobphonenumber761,email@gmail.com761,address761
762,firstname762,lastname762,phonenumber762,mobphonenumber762,email@gmail.com762,address762
763,firstname763,lastname763,phonenumber763,mobphonenumber763,email@gmail.com763,address763
764,firstname764,lastname764,phonenumber764,mobphonenumber764,email@gmail.com764,address764
765,firstname765,lastname765,phonenumber765,mobphonenumber765,email@gmail.com765,address765
766,firstname766,lastname766,phonenumber766,mobphonenumber766,email@gmail.com766,address766
767,firstname767,lastname767,phonenumber767,mobphonenumber767,email@gmail.com767,address767
768,firstname768,lastname768,phonenumber768,mobphonenumber768,email@gmail.com768,address768
769,firstname769,lastname769,phonenumber769,mobphonenumber769,email@gmail.com769,address769
770,firstname770,lastname770,phonenumber770,mobphonenumber770,email@gmail.com770,address770
771,firstname771,lastname771,phonenumber771,mobphonenumber771,email@gmail.com771,address771
772,firstname772,lastname772,phonenumber772,mobphonenumber772,email@gmail.com772,address772
773,firstname773,lastname773,phonenumber773,mobphonenumber773,email@gmail.com773,address773
774,firstname774,lastname774,phonenumber774,mobphonenumber774,email@gmail.com774,address774
775,firstname775,lastname775,phonenumber775,mobphonenumber775,email@gmail.com775,address775
776,firstname776,lastname776,phonenumber776,mobphonenumber776,email@gmail.com776,address776
777,firstname777,lastname777,phonenumber777,mobphonenumber777,email@gmail.com777,address777
778,firstname778,lastname778,phonenumber778,mobphonenumber778,email@gmail.com778,address778
779,firstname779,lastname779,phonenumber779,mobphonenumber779,email@gmail.com779,address779
780,firstname780,lastname780,phonenumber780,mobphonenumber780,email@gmail.com780,address780
781,firstname781,lastname781,phonenumber781,mobphonenumber781,email@gmail.com781,address781
782,firstname782,lastname782,phonenumber782,mobphonenumber782,email@gmail.com782,address782
783,firstname783,lastname783,phonenumber783,mobphonenumber783,email@gmail.com783,address783
784,firstname784,lastname784,phonenumber784,mobphonenumber784,email@gmail.com784,address784
785,firstname785,lastname785,phonenumber785,mobphonenumber785,email@gmail.com785,address785
786,firstname786,lastname786,phonenumber786,mobphonenumber786,email@gmail.com786,address786
787,firstname787,lastname787,phonenumber787,mobphonenumber787,email@gmail.com787,address787
788,firstname788,lastname788,phonenumber788,mobphonenumber788,email@gmail.com788,address788
789,firstname789,lastname789,phonenumber789,mobphonenumber789,email@gmail.com789,address789
790,firstname790,lastname790,phonenumber790,mobphonenumber790,email@gmail.com790,address790
791,firstname791,lastname791,phonenumber791,mobphonenumber791,email@gmail.com791,address791
792,firstname792,lastname792,phonenumber792,mobphonenumber792,email@gmail.com792,address792
793,firstname793,lastname793,phonenumber793,mobphonenumber793,email@gmail.com793,address793
794,firstname794,lastname794,phonenumber794,mobphonenumber794,email@gmail.com794,address794
795,firstname795,lastname795,phonenumber795,mobphonenumber795,email@gmail.com795,address795
796,firstname796,lastname796,phonenumber796,mobphonenumber796,email@gmail.com796,address796
797,firstname797,lastname797,phonenumber797,mobphonenumber797,email@gmail.com797,address797
798,firstname798,lastname798,phonenumber798,mobphonenumber798,email@gmail.com798,address798
799,firstname799,lastname799,phonenumber799,mobphonenumber799,email@gmail.com799,address799
800,firstname800,lastname800,phonenumber800,mobphonenumber800,email@gmail.com800,address800
801,firstname801,lastname801,phonenumber801,mobphonenumber801,email@gmail.com801,address801
802,firstname802,lastname802,phonenumber802,mobphonenumber802,email@gmail.com802,address802
803,firstname803,lastname803,phonenumber803,mobphonenumber803,email@gmail.com803,address803
804,firstname804,lastname804,phonenumber804,mobphonenumber804,email@gmail.com804,address804
805,firstname805,lastname805,phonenumber805,mobphonenumber805,email@gmail.com805,address805
806,firstname806,lastname806,phonenumber806,mobphonenumber806,email@gmail.com806,address806
807,firstname807,lastname807,phonenumber807,mobphonenumber807,email@gmail.com807,address807
808,firstname808,lastname808,phonenumber808,mobphonenumber808,email@gmail.com808,address808
809,firstname809,lastname809,phonenumber809,mobphonenumber809,email@gmail.com809,address809
810,firstname810,lastname810,phonenumber810,mobphonenumber810,email@gmail.com810,address810
811,firstname811,lastname811,phonenumber811,mobphonenumber811,email@gmail.com811,address811
812,firstname812,lastname812,phonenumber812,mobphonenumber812,email@gmail.com812,address812
813,firstname813,lastname813,phonenumber813,mobphonenumber813,email@gmail.com813,address813
814,firstname814,lastname814,phonenumber814,mobphonenumber814,email@gmail.com814,address814
815,firstname815,lastname815,phonenumber815,mobphonenumber815,email@gmail.com815,address815
816,firstname816,lastname816,phonenumber816,mobphonenumber816,email@gmail.com816,address816
817,firstname817,lastname817,phonenumber817,mobphonenumber817,email@gmail.com817,address817
818,firstname818,lastname818,phonenumber818,mobphonenumber818,email@gmail.com818,address818
819,firstname819,lastname819,phonenumber819,mobphonenumber819,email@gmail.com819,address819
820,firstname820,lastname820,phonenumber820,mobphonenumber820,email@gmail.com820,address820
821,firstname821,lastname821,phonenumber821,mobphonenumber821,email@gmail.com821,address821
822,firstname822,lastname822,phonenumber822,mobphonenumber822,email@gmail.com822,address822
823,firstname823,lastname823,phonenumber823,mobphonenumber823,email@gmail.com823,address823
824,firstname824,lastname824,phonenumber824,mobphonenumber824,email@gmail.com824,address824
825,firstname825,lastname825,phonenumber825,mobphonenumber825,email@gmail.com825,address825
826,firstname826,lastname826,phonenumber826,mobphonenumber826,email@gmail.com826,address826
827,firstname827,lastname827,phonenumber827,mobphonenumber827,email@gmail.com827,address827
828,firstname828,lastname828,phonenumber828,mobphonenumber828,email@gmail.com828,address828
829,firstname829,lastname829,phonenumber829,mobphonenumber829,email@gmail.com829,address829
830,firstname830,lastname830,phonenumber830,mobphonenumber830,email@gmail.com830,address830
831,firstname831,lastname831,phonenumber831,mobphonenumber831,email@gmail.com831,address831
832,firstname832,lastname832,phonenumber832,mobphonenumber832,email@gmail.com832,address832
833,firstname833,lastname833,phonenumber833,mobphonenumber833,email@gmail.com833,address833
834,firstname834,lastname834,phonenumber834,mobphonenumber834,email@gmail.com834,address834
835,firstname835,lastname835,phonenumber835,mobphonenumber835,email@gmail.com835,address835
836,firstname836,lastname836,phonenumber836,mobphonenumber836,email@gmail.com836,address836
837,firstname837,lastname837,phonenumber837,mobphonenumber837,email@gmail.com837,address837
838,firstname838,lastname838,phonenumber838,mobphonenumber838,email@gmail.com838,address838
839,firstname839,lastname839,phonenumber839,mobphonenumber839,email@gmail.com839,address839
840,firstname840,lastname840,phonenumber840,mobphonenumber840,email@gmail.com840,address840
841,firstname841,lastname841,phonenumber841,mobphonenumber841,email@gmail.com841,address841
842,firstname842,lastname842,phonenumber842,mobphonenumber842,email@gmail.com842,address842
843,firstname843,lastname843,phonenumber843,mobphonenumber843,email@gmail.com843,address843
844,firstname844,lastname844,phonenumber844,mobphonenumber844,email@gmail.com844,address844
845,firstname845,lastname845,phonenumber845,mobphonenumber845,email@gmail.com845,address845
846,firstname846,lastname846,phonenumber846,mobphonenumber846,email@gmail.com846,address846
847,firstname847,lastname847,phonenumber847,mobphonenumber847,email@gmail.com847,address847
848,firstname848,lastname848,phonenumber848,mobphonenumber848,email@gmail.com848,address848
849,firstname849,lastname849,phonenumber849,mobphonenumber849,email@gmail.com849,address849
850,firstname850,lastname850,phonenumber850,mobphonenumber850,email@gmail.com850,address850
851,firstname851,lastname851,phonenumber851,mobphonenumber851,email@gmail.com851,address851
852,firstname852,lastname852,phonenumber852,mobphonenumber852,email@gmail.com852,address852
853,firstname853,lastname853,phonenumber853,mobphonenumber853,email@gmail.com853,address853
854,firstname854,lastname854,phonenumber854,mobphonenumber854,email@gmail.com854,address854
855,firstname855,lastname855,phonenumber855,mobphonenumber855,email@gmail.com855,address855
856,firstname856,lastname856,phonenumber856,mobphonenumber856,email@gmail.com856,address856
857,firstname857,lastname857,phonenumber857,mobphonenumber857,email@gmail.com857,address857
858,firstname858,lastname858,phonenumber858,mobphonenumber858,email@gmail.com858,address858
859,firstname859,lastname859,phonenumber859,mobphonenumber859,email@gmail.com859,address859
860,firstname860,lastname860,phonenumber860,mobphonenumber860,email@gmail.com860,address860
861,firstname861,lastname861,phonenumber861,mobphonenumber861,email@gmail.com861,address861
862,firstname862,lastname862,phonenumber862,mobphonenumber862,email@gmail.com862,address862
863,firstname863,lastname863,phonenumber863,mobphonenumber863,email@gmail.com863,address863
864,firstname864,lastname864,phonenumber864,mobphonenumber864,email@gmail.com864,address864
865,firstname865,lastname865,phonenumber865,mobphonenumber865,email@gmail.com865,address865
866,firstname866,lastname866,phonenumber866,mobphonenumber866,email@gmail.com866,address866
867,firstname867,lastname867,phonenumber867,mobphonenumber867,email@gmail.com867,address867
868,firstname868,lastname868,phonenumber868,mobphonenumber868,email@gmail.com868,address868
869,firstname869,lastname869,phonenumber869,mobphonenumber869,email@gmail.com869,address869
870,firstname870,lastname870,phonenumber870,mobphonenumber870,email@gmail.com870,address870
871,firstname871,lastname871,phonenumber871,mobphonenumber871,email@gmail.com871,address871
872,firstname872,lastname872,phonenumber872,mobphonenumber872,email@gmail.com872,address872
873,firstname873,lastname873,phonenumber873,mobphonenumber873,email@gmail.com873,address873
874,firstname874,lastname874,phonenumber874,mobphonenumber874,email@gmail.com874,address874
875,firstname875,lastname875,phonenumber875,mobphonenumber875,email@gmail.com875,address875
876,firstname876,lastname876,phonenumber876,mobphonenumber876,email@gmail.com876,address876
877,firstname877,lastname877,phonenumber877,mobphonenumber877,email@gmail.com877,address877
878,firstname878,lastname878,phonenumber878,mobphonenumber878,email@gmail.com878,address878
879,firstname879,lastname879,phonenumber879,mobphonenumber879,email@gmail.com879,address879
880,firstname880,lastname880,phonenumber880,mobphonenumber880,email@gmail.com880,address880
881,firstname881,lastname881,phonenumber881,mobphonenumber881,email@gmail.com881,address881
882,firstname882,lastname882,phonenumber882,mobphonenumber882,email@gmail.com882,address882
883,firstname883,lastname883,phonenumber883,mobphonenumber883,email@gmail.com883,address883
884,firstname884,lastname884,phonenumber884,mobphonenumber884,email@gmail.com884,address884
885,firstname885,lastname885,phonenumber885,mobphonenumber885,email@gmail.com885,address885
886,firstname886,lastname886,phonenumber886,mobphonenumber886,email@gmail.com886,address886
887,firstname887,lastname887,phonenumber887,mobphonenumber887,email@gmail.com887,address887
888,firstname888,lastname888,phonenumber888,mobphonenumber888,email@gmail.com888,address888
889,firstname889,lastname889,phonenumber889,mobphonenumber889,email@gmail.com889,address889
890,firstname890,lastname890,phonenumber890,mobphonenumber890,email@gmail.com890,address890
891,firstname891,lastname891,phonenumber891,mobphonenumber891,email@gmail.com891,address891
892,firstname892,lastname892,phonenumber892,mobphonenumber892,email@gmail.com892,address892
893,firstname893,lastname893,phonenumber893,mobphonenumber893,email@gmail.com893,address893
894,firstname894,lastname894,phonenumber894,mobphonenumber894,email@gmail.com894,address894
895,firstname895,lastname895,phonenumber895,mobphonenumber895,email@gmail.com895,address895
896,firstname896,lastname896,phonenumber896,mobphonenumber896,email@gmail.com896,address896
897,firstname897,lastname897,phonenumber897,mobphonenumber897,email@gmail.com897,address897
898,firstname898,lastname898,phonenumber898,mobphonenumber898,email@gmail.com898,address898
899,firstname899,lastname899,phonenumber899,mobphonenumber899,email@gmail.com899,address899
900,firstname900,lastname900,phonenumber900,mobphonenumber900,email@gmail.com900,address900
901,firstname901,lastname901,phonenumber901,mobphonenumber901,email@gmail.com901,address901
902,firstname902,lastname902,phonenumber902,mobphonenumber902,email@gmail.com902,address902
903,firstname903,lastname903,phonenumber903,mobphonenumber903,email@gmail.com903,address903
904,firstname904,lastname904,phonenumber904,mobphonenumber904,email@gmail.com904,address904
905,firstname905,lastname905,phonenumber905,mobphonenumber905,email@gmail.com905,address905
906,firstname906,lastname906,phonenumber906,mobphonenumber906,email@gmail.com906,address906
907,firstname907,lastname907,phonenumber907,mobphonenumber907,email@gmail.com907,address907
908,firstname908,lastname908,phonenumber908,mobphonenumber908,email@gmail.com908,address908
909,firstname909,lastname909,phonenumber909,mobphonenumber909,email@gmail.com909,address909
910,firstname910,lastname910,phonenumber910,mobphonenumber910,email@gmail.com910,address910
911,firstname911,lastname911,phonenumber911,mobphonenumber911,email@gmail.com911,address911
912,firstname912,lastname912,phonenumber912,mobphonenumber912,email@gmail.com912,address912
913,firstname913,lastname913,phonenumber913,mobphonenumber913,email@gmail.com913,address913
914,firstname914,lastname914,phonenumber914,mobphonenumber914,email@gmail.com914,address914
915,firstname915,lastname915,phonenumber915,mobphonenumber915,email@gmail.com915,address915
916,firstname916,lastname916,phonenumber916,mobphonenumber916,email@gmail.com916,address916
917,firstname917,lastname917,phonenumber917,mobphonenumber917,email@gmail.com917,address917
918,firstname918,lastname918,phonenumber918,mobphonenumber918,email@gmail.com918,address918
919,firstname919,lastname919,phonenumber919,mobphonenumber919,email@gmail.com919,address919
920,firstname920,lastname920,phonenumber920,mobphonenumber920,email@gmail.com920,address920
921,firstname921,lastname921,phonenumber921,mobphonenumber921,email@gmail.com921,address921
922,firstname922,lastname922,phonenumber922,mobphonenumber922,email@gmail.com922,address922
923,firstname923,lastname923,phonenumber923,mobphonenumber923,email@gmail.com923,address923
924,firstname924,lastname924,phonenumber924,mobphonenumber924,email@gmail.com924,address924
925,firstname925,lastname925,phonenumber925,mobphonenumber925,email@gmail.com925,address925
926,firstname926,lastname926,phonenumber926,mobphonenumber926,email@gmail.com926,address926
927,firstname927,lastname927,phonenumber927,mobphonenumber927,email@gmail.com927,address927
928,firstname928,lastname928,phonenumber928,mobphonenumber928,email@gmail.com928,address928
929,firstname929,lastname929,phonenumber929,mobphonenumber929,email@gmail.com929,address929
930,firstname930,lastname930,phonenumber930,mobphonenumber930,email@gmail.com930,address930
931,firstname931,lastname931,phonenumber931,mobphonenumber931,email@gmail.com931,address931
932,firstname932,lastname932,phonenumber932,mobphonenumber932,email@gmail.com932,address932
933,firstname933,lastname933,phonenumber933,mobphonenumber933,email@gmail.com933,address933
934,firstname934,lastname934,phonenumber934,mobphonenumber934,email@gmail.com934,address934
935,firstname935,lastname935,phonenumber935,mobphonenumber935,email@gmail.com935,address935
936,firstname936,lastname936,phonenumber936,mobphonenumber936,email@gmail.com936,address936
937,firstname937,lastname937,phonenumber937,mobphonenumber937,email@gmail.com937,address937
938,firstname938,lastname938,phonenumber938,mobphonenumber938,email@gmail.com938,address938
939,firstname939,lastname939,phonenumber939,mobphonenumber939,email@gmail.com939,address939
940,firstname940,lastname940,phonenumber940,mobphonenumber940,email@gmail.com940,address940
941,firstname941,lastname941,phonenumber941,mobphonenumber941,email@gmail.com941,address941
942,firstname942,lastname942,phonenumber942,mobphonenumber942,email@gmail.com942,address942
943,firstname943,lastname943,phonenumber943,mobphonenumber943,email@gmail.com943,address943
944,firstname944,lastname944,phonenumber944,mobphonenumber944,email@gmail.com944,address944
945,firstname945,lastname945,phonenumber945,mobphonenumber945,email@gmail.com945,address945
946,firstname946,lastname946,phonenumber946,mobphonenumber946,email@gmail.com946,address946
947,firstname947,lastname947,phonenumber947,mobphonenumber947,email@gmail.com947,address947
948,firstname948,lastname948,phonenumber948,mobphonenumber948,email@gmail.com948,address948
949,firstname949,lastname949,phonenumber949,mobphonenumber949,email@gmail.com949,address949
950,firstname950,lastname950,phonenumber950,mobphonenumber950,email@gmail.com950,address950
951,firstname951,lastname951,phonenumber951,mobphonenumber951,email@gmail.com951,address951
952,firstname952,lastname952,phonenumber952,mobphonenumber952,email@gmail.com952,address952
953,firstname953,lastname953,phonenumber953,mobphonenumber953,email@gmail.com953,address953
954,firstname954,lastname954,phonenumber954,mobphonenumber954,email@gmail.com954,address954
955,firstname955,lastname955,phonenumber955,mobphonenumber955,email@gmail.com955,address955
956,firstname956,lastname956,phonenumber956,mobphonenumber956,email@gmail.com956,address956
957,firstname957,lastname957,phonenumber957,mobphonenumber957,email@gmail.com957,address957
958,firstname958,lastname958,phonenumber958,mobphonenumber958,email@gmail.com958,address958
959,firstname959,lastname959,phonenumber959,mobphonenumber959,email@gmail.com959,address959
960,firstname960,lastname960,phonenumber960,mobphonenumber960,email@gmail.com960,address960
961,firstname961,lastname961,phonenumber961,mobphonenumber961,email@gmail.com961,address961
962,firstname962,lastname962,phonenumber962,mobphonenumber962,email@gmail.com962,address962
963,firstname963,lastname963,phonenumber963,mobphonenumber963,email@gmail.com963,address963
964,firstname964,lastname964,phonenumber964,mobphonenumber964,email@gmail.com964,address964
965,firstname965,lastname965,phonenumber965,mobphonenumber965,email@gmail.com965,address965
966,firstname966,lastname966,phonenumber966,mobphonenumber966,email@gmail.com966,address966
967,firstname967,lastname967,phonenumber967,mobphonenumber967,email@gmail.com967,address967
968,firstname968,lastname968,phonenumber968,mobphonenumber968,email@gmail.com968,address968
969,firstname969,lastname969,phonenumber969,mobphonenumber969,email@gmail.com969,address969
970,firstname970,lastname970,phonenumber970,mobphonenumber970,email@gmail.com970,address970
971,firstname971,lastname971,phonenumber971,mobphonenumber971,email@gmail.com971,address971
972,firstname972,lastname972,phonenumber972,mobphonenumber972,email@gmail.com972,address972
973,firstname973,lastname973,phonenumber973,mobphonenumber973,email@gmail.com973,address973
974,firstname974,lastname974,phonenumber974,mobphonenumber974,email@gmail.com974,address974
975,firstname975,lastname975,phonenumber975,mobphonenumber975,email@gmail.com975,address975
976,firstname976,lastname976,phonenumber976,mobphonenumber976,email@gmail.com976,address976
977,firstname977,lastname977,phonenumber977,mobphonenumber977,email@gmail.com977,address977
978,firstname978,lastname978,phonenumber978,mobphonenumber978,email@gmail.com978,address978
979,firstname979,lastname979,phonenumber979,mobphonenumber979,email@gmail.com979,address979
980,firstname980,lastname980,phonenumber980,mobphonenumber980,email@gmail.com980,address980
981,firstname981,lastname981,phonenumber981,mobphonenumber981,email@gmail.com981,address981
982,firstname982,lastname982,phonenumber982,mobphonenumber982,email@gmail.com982,address982
983,firstname983,lastname983,phonenumber983,mobphonenumber983,email@gmail.com983,address983
984,firstname984,lastname984,phonenumber984,mobphonenumber984,email@gmail.com984,address984
985,firstname985,lastname985,phonenumber985,mobphonenumber985,email@gmail.com985,address985
986,firstname986,lastname986,phonenumber986,mobphonenumber986,email@gmail.com986,address986
987,firstname987,lastname987,phonenumber987,mobphonenumber987,email@gmail.com987,address987
988,firstname988,lastname988,phonenumber988,mobphonenumber988,email@gmail.com988,address988
989,firstname989,lastname989,phonenumber989,mobphonenumber989,email@gmail.com989,address989
990,firstname990,lastname990,phonenumber990,mobphonenumber990,email@gmail.com990,address990
991,firstname991,lastname991,phonenumber991,mobphonenumber991,email@gmail.com991,address991
992,firstname992,lastname992,phonenumber992,mobphonenumber992,email@gmail.com992,address992
993,firstname993,lastname993,phonenumber993,mobphonenumber993,email@gmail.com993,address993
994,firstname994,lastname994,phonenumber994,mobphonenumber994,email@gmail.com994,address994
995,firstname995,lastname995,phonenumber995,mobphonenumber995,email@gmail.com995,address995
996,firstname996,lastname996,phonenumber996,mobphonenumber996,email@gmail.com996,address996
997,firstname997,lastname997,phonenumber997,mobphonenumber997,email@gmail.com997,address997
998,firstname998,lastname998,phonenumber998,mobphonenumber998,email@gmail.com998,address998
999,firstname999,lastname999,phonenumber999,mobphonenumber999,email@gmail.com999,address999
1000,firstname1000,lastname1000,phonenumber1000,mobphonenumber1000,email@gmail.com1000,address1000
